{
  "annotations": {
    "list": [
      {
        "builtIn": 1,
        "datasource": "-- Grafana --",
        "enable": true,
        "hide": true,
        "iconColor": "rgba(0, 211, 255, 1)",
        "name": "Annotations & Alerts",
        "type": "dashboard"
      }
    ]
  },
  "editable": true,
  "gnetId": null,
  "graphTooltip": 0,
  "id": 2,
  "links": [],
  "panels": [
    {
      "cacheTimeout": null,
      "datasource": "Mcss Covid",
      "gridPos": {
        "h": 6,
        "w": 3,
        "x": 0,
        "y": 0
      },
      "id": 6,
      "links": [],
      "options": {
        "fieldOptions": {
          "calcs": [
            "last"
          ],
          "defaults": {
            "mappings": [],
            "max": 100,
            "min": 0,
            "thresholds": [
              {
                "color": "green",
                "value": null
              },
              {
                "color": "green",
                "value": 80
              }
            ]
          },
          "override": {},
          "values": false
        },
        "orientation": "auto",
        "showThresholdLabels": false,
        "showThresholdMarkers": false
      },
      "pluginVersion": "6.3.2",
      "targets": [
        {
          "alias": "Current People Count",
          "groupBy": [],
          "measurement": "people_count",
          "orderByTime": "ASC",
          "policy": "default",
          "refId": "A",
          "resultFormat": "time_series",
          "select": [
            [
              {
                "params": [
                  "Total"
                ],
                "type": "field"
              },
              {
                "params": [],
                "type": "last"
              }
            ]
          ],
          "tags": []
        }
      ],
      "timeFrom": null,
      "timeShift": null,
      "title": "Current People Count",
      "transparent": true,
      "type": "gauge"
    },
    {
      "aliasColors": {},
      "bars": false,
      "dashLength": 10,
      "dashes": false,
      "datasource": "Mcss Covid",
      "decimals": null,
      "fill": 1,
      "fillGradient": 0,
      "gridPos": {
        "h": 11,
        "w": 11,
        "x": 3,
        "y": 0
      },
      "id": 11,
      "legend": {
        "avg": false,
        "current": false,
        "max": false,
        "min": false,
        "show": true,
        "total": false,
        "values": false
      },
      "lines": true,
      "linewidth": 1,
      "nullPointMode": "null",
      "options": {
        "dataLinks": []
      },
      "percentage": false,
      "pointradius": 2,
      "points": false,
      "renderer": "flot",
      "seriesOverrides": [],
      "spaceLength": 10,
      "stack": false,
      "steppedLine": false,
      "targets": [
        {
          "alias": "Total Social Violations",
          "groupBy": [],
          "measurement": "social_distancing_violations",
          "orderByTime": "ASC",
          "policy": "default",
          "refId": "A",
          "resultFormat": "time_series",
          "select": [
            [
              {
                "params": [
                  "Total"
                ],
                "type": "field"
              }
            ]
          ],
          "tags": []
        },
        {
          "alias": "Channel 1",
          "groupBy": [],
          "measurement": "social_distancing_violations",
          "orderByTime": "ASC",
          "policy": "default",
          "refId": "B",
          "resultFormat": "time_series",
          "select": [
            [
              {
                "params": [
                  "0"
                ],
                "type": "field"
              }
            ]
          ],
          "tags": []
        },
        {
          "alias": "Channel 2",
          "groupBy": [],
          "measurement": "social_distancing_violations",
          "orderByTime": "ASC",
          "policy": "default",
          "refId": "C",
          "resultFormat": "time_series",
          "select": [
            [
              {
                "params": [
                  "1"
                ],
                "type": "field"
              }
            ]
          ],
          "tags": []
        },
        {
          "alias": "Channel 3",
          "groupBy": [],
          "measurement": "social_distancing_violations",
          "orderByTime": "ASC",
          "policy": "default",
          "refId": "D",
          "resultFormat": "time_series",
          "select": [
            [
              {
                "params": [
                  "2"
                ],
                "type": "field"
              }
            ]
          ],
          "tags": []
        },
        {
          "alias": "Channel 4",
          "groupBy": [],
          "measurement": "social_distancing_violations",
          "orderByTime": "ASC",
          "policy": "default",
          "refId": "E",
          "resultFormat": "time_series",
          "select": [
            [
              {
                "params": [
                  "3"
                ],
                "type": "field"
              }
            ]
          ],
          "tags": []
        },
        {
          "alias": "Channel 5",
          "groupBy": [],
          "measurement": "social_distancing_violations",
          "orderByTime": "ASC",
          "policy": "default",
          "refId": "F",
          "resultFormat": "time_series",
          "select": [
            [
              {
                "params": [
                  "4"
                ],
                "type": "field"
              }
            ]
          ],
          "tags": []
        },
        {
          "alias": "Channel 6",
          "groupBy": [],
          "measurement": "social_distancing_violations",
          "orderByTime": "ASC",
          "policy": "default",
          "refId": "G",
          "resultFormat": "time_series",
          "select": [
            [
              {
                "params": [
                  "5"
                ],
                "type": "field"
              }
            ]
          ],
          "tags": []
        },
        {
          "alias": "Channel 7",
          "groupBy": [],
          "measurement": "social_distancing_violations",
          "orderByTime": "ASC",
          "policy": "default",
          "refId": "H",
          "resultFormat": "time_series",
          "select": [
            [
              {
                "params": [
                  "6"
                ],
                "type": "field"
              }
            ]
          ],
          "tags": []
        },
        {
          "alias": "Channel 8",
          "groupBy": [],
          "measurement": "social_distancing_violations",
          "orderByTime": "ASC",
          "policy": "default",
          "refId": "I",
          "resultFormat": "time_series",
          "select": [
            [
              {
                "params": [
                  "7"
                ],
                "type": "field"
              }
            ]
          ],
          "tags": []
        },
        {
          "alias": "Channel 9",
          "groupBy": [],
          "measurement": "social_distancing_violations",
          "orderByTime": "ASC",
          "policy": "default",
          "refId": "K",
          "resultFormat": "time_series",
          "select": [
            [
              {
                "params": [
                  "8"
                ],
                "type": "field"
              }
            ]
          ],
          "tags": []
        },
        {
          "alias": "Channel 10",
          "groupBy": [],
          "measurement": "social_distancing_violations",
          "orderByTime": "ASC",
          "policy": "default",
          "refId": "L",
          "resultFormat": "time_series",
          "select": [
            [
              {
                "params": [
                  "9"
                ],
                "type": "field"
              }
            ]
          ],
          "tags": []
        },
        {
          "alias": "Channel 11",
          "groupBy": [],
          "measurement": "social_distancing_violations",
          "orderByTime": "ASC",
          "policy": "default",
          "refId": "M",
          "resultFormat": "time_series",
          "select": [
            [
              {
                "params": [
                  "10"
                ],
                "type": "field"
              }
            ]
          ],
          "tags": []
        },
        {
          "alias": "Channel 12",
          "groupBy": [],
          "measurement": "social_distancing_violations",
          "orderByTime": "ASC",
          "policy": "default",
          "refId": "N",
          "resultFormat": "time_series",
          "select": [
            [
              {
                "params": [
                  "11"
                ],
                "type": "field"
              }
            ]
          ],
          "tags": []
        },
        {
          "alias": "Channel 13",
          "groupBy": [],
          "measurement": "social_distancing_violations",
          "orderByTime": "ASC",
          "policy": "default",
          "refId": "O",
          "resultFormat": "time_series",
          "select": [
            [
              {
                "params": [
                  "12"
                ],
                "type": "field"
              }
            ]
          ],
          "tags": []
        },
        {
          "alias": "Channel 14",
          "groupBy": [],
          "measurement": "social_distancing_violations",
          "orderByTime": "ASC",
          "policy": "default",
          "refId": "P",
          "resultFormat": "time_series",
          "select": [
            [
              {
                "params": [
                  "13"
                ],
                "type": "field"
              }
            ]
          ],
          "tags": []
        },
        {
          "alias": "Channel 15",
          "groupBy": [],
          "measurement": "social_distancing_violations",
          "orderByTime": "ASC",
          "policy": "default",
          "refId": "Q",
          "resultFormat": "time_series",
          "select": [
            [
              {
                "params": [
                  "14"
                ],
                "type": "field"
              }
            ]
          ],
          "tags": []
        },
        {
          "alias": "Channel 16",
          "groupBy": [],
          "measurement": "social_distancing_violations",
          "orderByTime": "ASC",
          "policy": "default",
          "refId": "R",
          "resultFormat": "time_series",
          "select": [
            [
              {
                "params": [
                  "15"
                ],
                "type": "field"
              }
            ]
          ],
          "tags": []
        }
      ],
      "thresholds": [],
      "timeFrom": null,
      "timeRegions": [],
      "timeShift": null,
      "title": "Social Violations",
      "tooltip": {
        "shared": true,
        "sort": 0,
        "value_type": "individual"
      },
      "transparent": true,
      "type": "graph",
      "xaxis": {
        "buckets": null,
        "mode": "time",
        "name": null,
        "show": true,
        "values": []
      },
      "yaxes": [
        {
          "format": "short",
          "label": null,
          "logBase": 1,
          "max": null,
          "min": null,
          "show": true
        },
        {
          "format": "short",
          "label": null,
          "logBase": 1,
          "max": null,
          "min": null,
          "show": true
        }
      ],
      "yaxis": {
        "align": false,
        "alignLevel": null
      }
    },
    {
      "columns": [],
      "datasource": "Mcss Covid",
      "fontSize": "100%",
      "gridPos": {
        "h": 11,
        "w": 10,
        "x": 14,
        "y": 0
      },
      "id": 12,
      "options": {},
      "pageSize": null,
      "scroll": false,
      "showHeader": true,
      "sort": {
        "col": 0,
        "desc": true
      },
      "styles": [
        {
          "alias": "Time",
          "dateFormat": "YYYY-MM-DD HH:mm:ss",
          "pattern": "Time",
          "type": "date"
        },
        {
          "alias": "",
          "colorMode": null,
          "colors": [
            "rgba(245, 54, 54, 0.9)",
            "rgba(237, 129, 40, 0.89)",
            "rgba(50, 172, 45, 0.97)"
          ],
          "decimals": 2,
          "pattern": "/.*/",
          "thresholds": [],
          "type": "number",
          "unit": "short"
        }
      ],
      "targets": [
        {
          "alias": "Total Social Violations",
          "groupBy": [],
          "measurement": "social_distancing_violations",
          "orderByTime": "ASC",
          "policy": "default",
          "refId": "A",
          "resultFormat": "time_series",
          "select": [
            [
              {
                "params": [
                  "Total"
                ],
                "type": "field"
              }
            ]
          ],
          "tags": []
        },
        {
          "alias": "Channel 1",
          "groupBy": [],
          "measurement": "social_distancing_violations",
          "orderByTime": "ASC",
          "policy": "default",
          "refId": "B",
          "resultFormat": "time_series",
          "select": [
            [
              {
                "params": [
                  "0"
                ],
                "type": "field"
              }
            ]
          ],
          "tags": []
        },
        {
          "alias": "Channel 2",
          "groupBy": [],
          "measurement": "social_distancing_violations",
          "orderByTime": "ASC",
          "policy": "default",
          "refId": "C",
          "resultFormat": "time_series",
          "select": [
            [
              {
                "params": [
                  "1"
                ],
                "type": "field"
              }
            ]
          ],
          "tags": []
        },
        {
          "alias": "Channel 3",
          "groupBy": [],
          "measurement": "social_distancing_violations",
          "orderByTime": "ASC",
          "policy": "default",
          "refId": "D",
          "resultFormat": "time_series",
          "select": [
            [
              {
                "params": [
                  "2"
                ],
                "type": "field"
              }
            ]
          ],
          "tags": []
        },
        {
          "alias": "Channel 4",
          "groupBy": [],
          "measurement": "social_distancing_violations",
          "orderByTime": "ASC",
          "policy": "default",
          "refId": "E",
          "resultFormat": "time_series",
          "select": [
            [
              {
                "params": [
                  "3"
                ],
                "type": "field"
              }
            ]
          ],
          "tags": []
        },
        {
          "alias": "Channel 5",
          "groupBy": [],
          "measurement": "social_distancing_violations",
          "orderByTime": "ASC",
          "policy": "default",
          "refId": "F",
          "resultFormat": "time_series",
          "select": [
            [
              {
                "params": [
                  "4"
                ],
                "type": "field"
              }
            ]
          ],
          "tags": []
        },
        {
          "alias": "Channel 6",
          "groupBy": [],
          "measurement": "social_distancing_violations",
          "orderByTime": "ASC",
          "policy": "default",
          "refId": "G",
          "resultFormat": "time_series",
          "select": [
            [
              {
                "params": [
                  "5"
                ],
                "type": "field"
              }
            ]
          ],
          "tags": []
        },
        {
          "alias": "Channel 7",
          "groupBy": [],
          "measurement": "social_distancing_violations",
          "orderByTime": "ASC",
          "policy": "default",
          "refId": "H",
          "resultFormat": "time_series",
          "select": [
            [
              {
                "params": [
                  "6"
                ],
                "type": "field"
              }
            ]
          ],
          "tags": []
        },
        {
          "alias": "Channel 8",
          "groupBy": [],
          "measurement": "social_distancing_violations",
          "orderByTime": "ASC",
          "policy": "default",
          "refId": "M",
          "resultFormat": "time_series",
          "select": [
            [
              {
                "params": [
                  "7"
                ],
                "type": "field"
              }
            ]
          ],
          "tags": []
        },
        {
          "alias": "Channel 9",
          "groupBy": [],
          "measurement": "social_distancing_violations",
          "orderByTime": "ASC",
          "policy": "default",
          "refId": "I",
          "resultFormat": "time_series",
          "select": [
            [
              {
                "params": [
                  "8"
                ],
                "type": "field"
              }
            ]
          ],
          "tags": []
        },
        {
          "alias": "Channel 10",
          "groupBy": [],
          "measurement": "social_distancing_violations",
          "orderByTime": "ASC",
          "policy": "default",
          "refId": "J",
          "resultFormat": "time_series",
          "select": [
            [
              {
                "params": [
                  "9"
                ],
                "type": "field"
              }
            ]
          ],
          "tags": []
        },
        {
          "alias": "Channel 11",
          "groupBy": [],
          "measurement": "social_distancing_violations",
          "orderByTime": "ASC",
          "policy": "default",
          "refId": "K",
          "resultFormat": "time_series",
          "select": [
            [
              {
                "params": [
                  "10"
                ],
                "type": "field"
              }
            ]
          ],
          "tags": []
        },
        {
          "alias": "Channel 12",
          "groupBy": [],
          "measurement": "social_distancing_violations",
          "orderByTime": "ASC",
          "policy": "default",
          "refId": "L",
          "resultFormat": "time_series",
          "select": [
            [
              {
                "params": [
                  "11"
                ],
                "type": "field"
              }
            ]
          ],
          "tags": []
        },
        {
          "alias": "Channel 13",
          "groupBy": [],
          "measurement": "social_distancing_violations",
          "orderByTime": "ASC",
          "policy": "default",
          "refId": "N",
          "resultFormat": "time_series",
          "select": [
            [
              {
                "params": [
                  "12"
                ],
                "type": "field"
              }
            ]
          ],
          "tags": []
        },
        {
          "alias": "Channel 14",
          "groupBy": [],
          "measurement": "social_distancing_violations",
          "orderByTime": "ASC",
          "policy": "default",
          "refId": "O",
          "resultFormat": "time_series",
          "select": [
            [
              {
                "params": [
                  "13"
                ],
                "type": "field"
              }
            ]
          ],
          "tags": []
        },
        {
          "alias": "Channel 15",
          "groupBy": [],
          "measurement": "social_distancing_violations",
          "orderByTime": "ASC",
          "policy": "default",
          "refId": "P",
          "resultFormat": "time_series",
          "select": [
            [
              {
                "params": [
                  "14"
                ],
                "type": "field"
              }
            ]
          ],
          "tags": []
        },
        {
          "alias": "Channel 16",
          "groupBy": [],
          "measurement": "social_distancing_violations",
          "orderByTime": "ASC",
          "policy": "default",
          "refId": "Q",
          "resultFormat": "time_series",
          "select": [
            [
              {
                "params": [
                  "15"
                ],
                "type": "field"
              }
            ]
          ],
          "tags": []
        }
      ],
      "timeFrom": null,
      "timeShift": null,
      "title": "Social Violations Table",
      "transform": "timeseries_to_columns",
      "transparent": true,
      "type": "table"
    },
    {
      "cacheTimeout": null,
      "datasource": "Mcss Covid",
      "gridPos": {
        "h": 6,
        "w": 3,
        "x": 0,
        "y": 6
      },
      "id": 8,
      "links": [],
      "options": {
        "fieldOptions": {
          "calcs": [
            "last"
          ],
          "defaults": {
            "mappings": [],
            "max": 100,
            "min": 0,
            "thresholds": [
              {
                "color": "green",
                "value": null
              },
              {
                "color": "green",
                "value": 80
              }
            ]
          },
          "override": {},
          "values": false
        },
        "orientation": "auto",
        "showThresholdLabels": false,
        "showThresholdMarkers": false
      },
      "pluginVersion": "6.3.2",
      "targets": [
        {
          "alias": "Current Social Dist. Violations",
          "groupBy": [],
          "measurement": "social_distancing_violations",
          "orderByTime": "ASC",
          "policy": "default",
          "refId": "A",
          "resultFormat": "time_series",
          "select": [
            [
              {
                "params": [
                  "Total"
                ],
                "type": "field"
              },
              {
                "params": [],
                "type": "last"
              }
            ]
          ],
          "tags": []
        }
      ],
      "timeFrom": null,
      "timeShift": null,
      "title": "Current Social Dist. Violations",
      "transparent": true,
      "type": "gauge"
    },
    {
      "aliasColors": {},
      "bars": false,
      "dashLength": 10,
      "dashes": false,
      "datasource": "Mcss Covid",
      "decimals": null,
      "fill": 1,
      "fillGradient": 0,
      "gridPos": {
        "h": 11,
        "w": 11,
        "x": 3,
        "y": 11
      },
      "id": 13,
      "legend": {
        "avg": false,
        "current": false,
        "max": false,
        "min": false,
        "show": true,
        "total": false,
        "values": false
      },
      "lines": true,
      "linewidth": 1,
      "nullPointMode": "null",
      "options": {
        "dataLinks": []
      },
      "percentage": false,
      "pointradius": 2,
      "points": false,
      "renderer": "flot",
      "seriesOverrides": [],
      "spaceLength": 10,
      "stack": false,
      "steppedLine": false,
      "targets": [
        {
          "alias": "Total Mask Violations",
          "groupBy": [],
          "measurement": "mask_violation",
          "orderByTime": "ASC",
          "policy": "default",
          "refId": "A",
          "resultFormat": "time_series",
          "select": [
            [
              {
                "params": [
                  "Total"
                ],
                "type": "field"
              }
            ]
          ],
          "tags": []
        },
        {
          "alias": "Channel 1",
          "groupBy": [],
          "measurement": "mask_violation",
          "orderByTime": "ASC",
          "policy": "default",
          "refId": "B",
          "resultFormat": "time_series",
          "select": [
            [
              {
                "params": [
                  "0"
                ],
                "type": "field"
              }
            ]
          ],
          "tags": []
        },
        {
          "alias": "Channel 2",
          "groupBy": [],
          "measurement": "mask_violation",
          "orderByTime": "ASC",
          "policy": "default",
          "refId": "C",
          "resultFormat": "time_series",
          "select": [
            [
              {
                "params": [
                  "1"
                ],
                "type": "field"
              }
            ]
          ],
          "tags": []
        },
        {
          "alias": "Channel 3",
          "groupBy": [],
          "measurement": "mask_violation",
          "orderByTime": "ASC",
          "policy": "default",
          "refId": "D",
          "resultFormat": "time_series",
          "select": [
            [
              {
                "params": [
                  "2"
                ],
                "type": "field"
              }
            ]
          ],
          "tags": []
        },
        {
          "alias": "Channel 4",
          "groupBy": [],
          "measurement": "mask_violation",
          "orderByTime": "ASC",
          "policy": "default",
          "refId": "E",
          "resultFormat": "time_series",
          "select": [
            [
              {
                "params": [
                  "3"
                ],
                "type": "field"
              }
            ]
          ],
          "tags": []
        },
        {
          "alias": "Channel 5",
          "groupBy": [],
          "measurement": "mask_violation",
          "orderByTime": "ASC",
          "policy": "default",
          "refId": "F",
          "resultFormat": "time_series",
          "select": [
            [
              {
                "params": [
                  "4"
                ],
                "type": "field"
              }
            ]
          ],
          "tags": []
        },
        {
          "alias": "Channel 6",
          "groupBy": [],
          "measurement": "mask_violation",
          "orderByTime": "ASC",
          "policy": "default",
          "refId": "G",
          "resultFormat": "time_series",
          "select": [
            [
              {
                "params": [
                  "5"
                ],
                "type": "field"
              }
            ]
          ],
          "tags": []
        },
        {
          "alias": "Channel 7",
          "groupBy": [],
          "measurement": "mask_violation",
          "orderByTime": "ASC",
          "policy": "default",
          "refId": "H",
          "resultFormat": "time_series",
          "select": [
            [
              {
                "params": [
                  "6"
                ],
                "type": "field"
              }
            ]
          ],
          "tags": []
        },
        {
          "alias": "Channel 8",
          "groupBy": [],
          "measurement": "mask_violation",
          "orderByTime": "ASC",
          "policy": "default",
          "refId": "I",
          "resultFormat": "time_series",
          "select": [
            [
              {
                "params": [
                  "7"
                ],
                "type": "field"
              }
            ]
          ],
          "tags": []
        },
        {
          "alias": "Channel 9",
          "groupBy": [],
          "measurement": "mask_violation",
          "orderByTime": "ASC",
          "policy": "default",
          "refId": "J",
          "resultFormat": "time_series",
          "select": [
            [
              {
                "params": [
                  "8"
                ],
                "type": "field"
              }
            ]
          ],
          "tags": []
        },
        {
          "alias": "Channel 10",
          "groupBy": [],
          "measurement": "mask_violation",
          "orderByTime": "ASC",
          "policy": "default",
          "refId": "K",
          "resultFormat": "time_series",
          "select": [
            [
              {
                "params": [
                  "9"
                ],
                "type": "field"
              }
            ]
          ],
          "tags": []
        },
        {
          "alias": "Channel 11",
          "groupBy": [],
          "measurement": "mask_violation",
          "orderByTime": "ASC",
          "policy": "default",
          "refId": "L",
          "resultFormat": "time_series",
          "select": [
            [
              {
                "params": [
                  "10"
                ],
                "type": "field"
              }
            ]
          ],
          "tags": []
        },
        {
          "alias": "Channel 12",
          "groupBy": [],
          "measurement": "mask_violation",
          "orderByTime": "ASC",
          "policy": "default",
          "refId": "M",
          "resultFormat": "time_series",
          "select": [
            [
              {
                "params": [
                  "11"
                ],
                "type": "field"
              }
            ]
          ],
          "tags": []
        },
        {
          "alias": "Channel 13",
          "groupBy": [],
          "measurement": "mask_violation",
          "orderByTime": "ASC",
          "policy": "default",
          "refId": "N",
          "resultFormat": "time_series",
          "select": [
            [
              {
                "params": [
                  "12"
                ],
                "type": "field"
              }
            ]
          ],
          "tags": []
        },
        {
          "alias": "Channel 14",
          "groupBy": [],
          "measurement": "mask_violation",
          "orderByTime": "ASC",
          "policy": "default",
          "refId": "O",
          "resultFormat": "time_series",
          "select": [
            [
              {
                "params": [
                  "13"
                ],
                "type": "field"
              }
            ]
          ],
          "tags": []
        },
        {
          "alias": "Channel 15",
          "groupBy": [],
          "measurement": "mask_violation",
          "orderByTime": "ASC",
          "policy": "default",
          "refId": "P",
          "resultFormat": "time_series",
          "select": [
            [
              {
                "params": [
                  "14"
                ],
                "type": "field"
              }
            ]
          ],
          "tags": []
        },
        {
          "alias": "Channel 16",
          "groupBy": [],
          "measurement": "mask_violation",
          "orderByTime": "ASC",
          "policy": "default",
          "refId": "Q",
          "resultFormat": "time_series",
          "select": [
            [
              {
                "params": [
                  "15"
                ],
                "type": "field"
              }
            ]
          ],
          "tags": []
        }
      ],
      "thresholds": [],
      "timeFrom": null,
      "timeRegions": [],
      "timeShift": null,
      "title": "Mask Violations",
      "tooltip": {
        "shared": true,
        "sort": 0,
        "value_type": "individual"
      },
      "transparent": true,
      "type": "graph",
      "xaxis": {
        "buckets": null,
        "mode": "time",
        "name": null,
        "show": true,
        "values": []
      },
      "yaxes": [
        {
          "format": "short",
          "label": null,
          "logBase": 1,
          "max": null,
          "min": null,
          "show": true
        },
        {
          "format": "short",
          "label": null,
          "logBase": 1,
          "max": null,
          "min": null,
          "show": true
        }
      ],
      "yaxis": {
        "align": false,
        "alignLevel": null
      }
    },
    {
      "columns": [],
      "datasource": "Mcss Covid",
      "fontSize": "100%",
      "gridPos": {
        "h": 11,
        "w": 10,
        "x": 14,
        "y": 11
      },
      "id": 2,
      "options": {},
      "pageSize": null,
      "scroll": false,
      "showHeader": true,
      "sort": {
        "col": 0,
        "desc": true
      },
      "styles": [
        {
          "alias": "Time",
          "dateFormat": "YYYY-MM-DD HH:mm:ss",
          "pattern": "Time",
          "type": "date"
        },
        {
          "alias": "",
          "colorMode": null,
          "colors": [
            "rgba(245, 54, 54, 0.9)",
            "rgba(237, 129, 40, 0.89)",
            "rgba(50, 172, 45, 0.97)"
          ],
          "decimals": 2,
          "pattern": "/.*/",
          "thresholds": [],
          "type": "number",
          "unit": "short"
        }
      ],
      "targets": [
        {
          "alias": "Total Mask Violations",
          "groupBy": [],
          "measurement": "mask_violation",
          "orderByTime": "ASC",
          "policy": "default",
          "refId": "A",
          "resultFormat": "time_series",
          "select": [
            [
              {
                "params": [
                  "Total"
                ],
                "type": "field"
              }
            ]
          ],
          "tags": []
        },
        {
          "alias": "Channel 1",
          "groupBy": [],
          "measurement": "mask_violation",
          "orderByTime": "ASC",
          "policy": "default",
          "refId": "B",
          "resultFormat": "time_series",
          "select": [
            [
              {
                "params": [
                  "0"
                ],
                "type": "field"
              }
            ]
          ],
          "tags": []
        },
        {
          "alias": "Channel 2",
          "groupBy": [],
          "measurement": "mask_violation",
          "orderByTime": "ASC",
          "policy": "default",
          "refId": "C",
          "resultFormat": "time_series",
          "select": [
            [
              {
                "params": [
                  "1"
                ],
                "type": "field"
              }
            ]
          ],
          "tags": []
        },
        {
          "alias": "Channel 3",
          "groupBy": [],
          "measurement": "mask_violation",
          "orderByTime": "ASC",
          "policy": "default",
          "refId": "D",
          "resultFormat": "time_series",
          "select": [
            [
              {
                "params": [
                  "2"
                ],
                "type": "field"
              }
            ]
          ],
          "tags": []
        },
        {
          "alias": "Channel 4",
          "groupBy": [],
          "measurement": "mask_violation",
          "orderByTime": "ASC",
          "policy": "default",
          "refId": "E",
          "resultFormat": "time_series",
          "select": [
            [
              {
                "params": [
                  "3"
                ],
                "type": "field"
              }
            ]
          ],
          "tags": []
        },
        {
          "alias": "Channel 5",
          "groupBy": [],
          "measurement": "mask_violation",
          "orderByTime": "ASC",
          "policy": "default",
          "refId": "F",
          "resultFormat": "time_series",
          "select": [
            [
              {
                "params": [
                  "4"
                ],
                "type": "field"
              }
            ]
          ],
          "tags": []
        },
        {
          "alias": "Channel 6",
          "groupBy": [],
          "measurement": "mask_violation",
          "orderByTime": "ASC",
          "policy": "default",
          "refId": "G",
          "resultFormat": "time_series",
          "select": [
            [
              {
                "params": [
                  "5"
                ],
                "type": "field"
              }
            ]
          ],
          "tags": []
        },
        {
          "alias": "Channel 7",
          "groupBy": [],
          "measurement": "mask_violation",
          "orderByTime": "ASC",
          "policy": "default",
          "refId": "H",
          "resultFormat": "time_series",
          "select": [
            [
              {
                "params": [
                  "6"
                ],
                "type": "field"
              }
            ]
          ],
          "tags": []
        },
        {
          "alias": "Channel 8",
          "groupBy": [],
          "measurement": "mask_violation",
          "orderByTime": "ASC",
          "policy": "default",
          "refId": "I",
          "resultFormat": "time_series",
          "select": [
            [
              {
                "params": [
                  "7"
                ],
                "type": "field"
              }
            ]
          ],
          "tags": []
        },
        {
          "alias": "Channel 9",
          "groupBy": [],
          "measurement": "mask_violation",
          "orderByTime": "ASC",
          "policy": "default",
          "refId": "J",
          "resultFormat": "time_series",
          "select": [
            [
              {
                "params": [
                  "8"
                ],
                "type": "field"
              }
            ]
          ],
          "tags": []
        },
        {
          "alias": "Channel 10",
          "groupBy": [],
          "measurement": "mask_violation",
          "orderByTime": "ASC",
          "policy": "default",
          "refId": "K",
          "resultFormat": "time_series",
          "select": [
            [
              {
                "params": [
                  "9"
                ],
                "type": "field"
              }
            ]
          ],
          "tags": []
        },
        {
          "alias": "Channel 11",
          "groupBy": [],
          "measurement": "mask_violation",
          "orderByTime": "ASC",
          "policy": "default",
          "refId": "L",
          "resultFormat": "time_series",
          "select": [
            [
              {
                "params": [
                  "10"
                ],
                "type": "field"
              }
            ]
          ],
          "tags": []
        },
        {
          "alias": "Channel 12",
          "groupBy": [],
          "measurement": "mask_violation",
          "orderByTime": "ASC",
          "policy": "default",
          "refId": "M",
          "resultFormat": "time_series",
          "select": [
            [
              {
                "params": [
                  "11"
                ],
                "type": "field"
              }
            ]
          ],
          "tags": []
        },
        {
          "alias": "Channel 13",
          "groupBy": [],
          "measurement": "mask_violation",
          "orderByTime": "ASC",
          "policy": "default",
          "refId": "N",
          "resultFormat": "time_series",
          "select": [
            [
              {
                "params": [
                  "12"
                ],
                "type": "field"
              }
            ]
          ],
          "tags": []
        },
        {
          "alias": "Channel 14",
          "groupBy": [],
          "measurement": "mask_violation",
          "orderByTime": "ASC",
          "policy": "default",
          "refId": "O",
          "resultFormat": "time_series",
          "select": [
            [
              {
                "params": [
                  "13"
                ],
                "type": "field"
              }
            ]
          ],
          "tags": []
        },
        {
          "alias": "Channel 15",
          "groupBy": [],
          "measurement": "mask_violation",
          "orderByTime": "ASC",
          "policy": "default",
          "refId": "P",
          "resultFormat": "time_series",
          "select": [
            [
              {
                "params": [
                  "14"
                ],
                "type": "field"
              }
            ]
          ],
          "tags": []
        },
        {
          "alias": "Channel 16",
          "groupBy": [],
          "measurement": "mask_violation",
          "orderByTime": "ASC",
          "policy": "default",
          "refId": "Q",
          "resultFormat": "time_series",
          "select": [
            [
              {
                "params": [
                  "15"
                ],
                "type": "field"
              }
            ]
          ],
          "tags": []
        }
      ],
      "timeFrom": null,
      "timeShift": null,
      "title": "Mask Violations Table",
      "transform": "timeseries_to_columns",
      "transparent": true,
      "type": "table"
    },
    {
      "cacheTimeout": null,
      "datasource": "Mcss Covid",
      "gridPos": {
        "h": 6,
        "w": 3,
        "x": 0,
        "y": 12
      },
      "id": 7,
      "links": [],
      "options": {
        "fieldOptions": {
          "calcs": [
            "last"
          ],
          "defaults": {
            "mappings": [],
            "max": 100,
            "min": 0,
            "thresholds": [
              {
                "color": "green",
                "value": null
              },
              {
                "color": "green",
                "value": 80
              }
            ]
          },
          "override": {},
          "values": false
        },
        "orientation": "auto",
        "showThresholdLabels": false,
        "showThresholdMarkers": false
      },
      "pluginVersion": "6.3.2",
      "targets": [
        {
          "alias": "Current Mask Violations",
          "groupBy": [],
          "measurement": "mask_violation",
          "orderByTime": "ASC",
          "policy": "default",
          "refId": "A",
          "resultFormat": "time_series",
          "select": [
            [
              {
                "params": [
                  "Total"
                ],
                "type": "field"
              },
              {
                "params": [],
                "type": "last"
              }
            ]
          ],
          "tags": []
        }
      ],
      "timeFrom": null,
      "timeShift": null,
      "title": "Current Mask Violations",
      "transparent": true,
      "type": "gauge"
    }
  ],
  "refresh": "3s",
  "schemaVersion": 19,
  "style": "dark",
  "tags": [],
  "templating": {
    "list": []
  },
  "time": {
    "from": "now-5m",
    "to": "now"
  },
  "timepicker": {
    "refresh_intervals": [
      "3s"
    ]
  },
  "timezone": "",
  "title": "Multi Camera Covid-19 Solution",
  "uid": "Ozh13oZMz",
  "version": 2
}