{
    "cameras":[
        {
            "analytics": "socail distancing",
            "device": "CPU",
            "path": "./resources/Pexels_Videos_2670.mp4"
        },
        {
            "analytics": "socail distancing",
            "device": "CPU",
            "path": "./resources/Pexels_Videos_2670.mp4"
        },
        {
            "analytics": "pedestrian vehicle bike detection",
            "device": "CPU",
            "path": "./resources/Pexels_Videos_2670.mp4"
        },
        {
            "analytics": "pedestrian vehicle detection",
            "device": "CPU",
            "path": "./resources/Pexels_Videos_2670.mp4"
        }
    ]

}
